{"stats":{"minecraft:dropped":{"minecraft:birch_planks":1,"minecraft:glow_ink_sac":1,"minecraft:cracked_stone_bricks":1,"minecraft:item_frame":3,"sophisticatedbackpacks:gold_backpack":1,"minecraft:emerald":12,"minecraft:dirt":20,"quark:light_gray_shard":12,"minecraft:dispenser":1,"minecraft:stone_button":1,"minecraft:dark_oak_trapdoor":7,"minecraft:birch_log":1,"minecraft:gold_ingot":5,"minecraft:bone":3,"minecraft:lever":1,"minecraft:cobbled_deepslate":14,"tombstone:gift":3,"minecraft:rotten_flesh":26,"minecraft:golden_shovel":1,"supplementaries:antique_ink":2,"supplementaries:flax_seeds":14,"supplementaries:ash":33,"artifacts:umbrella":1,"minecraft:skeleton_skull":1,"born_in_chaos_v1:corpse_maggot":6,"minecraft:hopper":1,"minecraft:white_dye":1,"minecraft:iron_bars":2,"minecraft:lectern":5,"luminousworld:sunset_petunias":1,"minecraft:wheat_seeds":41,"luminousworld:ishstone":12,"minecraft:oak_fence":2,"minecraft:feather":2,"minecraft:granite":4,"minecraft:diorite":1,"minecraft:torch":6,"tombstone:grave_key":1,"minecraft:iron_door":1,"minecraft:fire_charge":2,"minecraft:oak_stairs":9,"minecraft:iron_axe":1,"minecraft:raw_iron_block":1,"sophisticatedbackpacks:crafting_upgrade":2,"minecraft:chainmail_leggings":1,"minecraft:paper":8,"minecraft:dandelion":1,"iceandfire:silver_nugget":6,"minecraft:tuff":22,"minecraft:raw_iron":1,"minecraft:red_banner":1,"sophisticatedbackpacks:backpack":3,"quark:white_shard":4,"minecraft:blast_furnace":1,"luminousworld:yellow_grassflowers":1,"minecraft:cobblestone_slab":4,"minecraft:mud_bricks":2,"alexsmobs:cockroach_wing_fragment":1,"minecraft:spruce_trapdoor":1,"minecraft:iron_chestplate":1,"minecraft:andesite":44,"minecraft:mossy_stone_bricks":2,"minecraft:oak_sapling":1,"minecraft:stone_pressure_plate":1,"quark:cyan_shard":9,"minecraft:stone_bricks":3,"minecraft:spider_eye":5,"minecraft:stone_pickaxe":1,"minecraft:raw_gold":41},"minecraft:mined":{"minecraft:dark_oak_planks":40,"minecraft:stone_pressure_plate":1,"minecraft:white_bed":21,"minecraft:brewing_stand":4,"minecraft:spruce_trapdoor":1,"minecraft:granite":34,"minecraft:grass_block":11,"minecraft:mud_bricks":32,"minecraft:hopper":1,"minecraft:spawner":1,"minecraft:raw_iron_block":1,"minecraft:dark_oak_trapdoor":18,"minecraft:cobbled_deepslate":8,"minecraft:iron_ore":26,"minecraft:fire":10,"minecraft:barrel":1,"minecraft:pumpkin":4,"minecraft:fletching_table":1,"minecraft:dark_oak_stairs":12,"minecraft:green_bed":1,"quark:tuff_slab":3,"minecraft:red_bed":6,"minecraft:smoker":1,"minecraft:powder_snow":5,"born_in_chaos_v1:infected_deepslate_diamond_ore":1,"minecraft:torch":2,"minecraft:blast_furnace":3,"iceandfire:frozen_dirt":2,"minecraft:cobblestone":29,"minecraft:sugar_cane":20,"minecraft:damaged_anvil":1,"placeablesmod:bread_full_block":3,"minecraft:wall_torch":2,"minecraft:skeleton_skull":1,"minecraft:light_gray_stained_glass":3,"minecraft:birch_log":1,"minecraft:wheat":41,"minecraft:magenta_bed":1,"minecraft:grass":10,"minecraft:oak_log":20,"minecraft:beetroots":4,"minecraft:dirt":15,"luminousworld:grassvariant_3":2,"minecraft:tripwire_hook":4,"minecraft:dispenser":1,"minecraft:stonecutter":1,"minecraft:oak_leaves":35,"minecraft:deepslate":1166,"minecraft:tuff":110,"iceandfire:silver_ore":5,"minecraft:deepslate_diamond_ore":3,"minecraft:cyan_stained_glass":3,"born_in_chaos_v1:infected_diamond_ore":4,"placeablesmod:bread_slice_block":1,"minecraft:spruce_fence":1,"minecraft:white_stained_glass":1,"minecraft:redstone_wire":19,"luminousworld:grassvariant_2":2,"minecraft:hay_block":34,"minecraft:furnace":1,"minecraft:packed_mud":10,"minecraft:carrots":27,"minecraft:andesite":50,"minecraft:bookshelf":19,"minecraft:potatoes":9,"minecraft:deepslate_iron_ore":44,"minecraft:stone":558,"minecraft:smithing_table":1,"quark:oak_chest":4,"minecraft:spruce_door":1,"minecraft:dandelion":1,"minecraft:smooth_sandstone":1,"minecraft:crafting_table":5,"placeablesmod:apple_block":1,"minecraft:rose_bush":1,"minecraft:lectern":18,"minecraft:stone_slab":1,"luminousworld:grassflowers":1,"minecraft:tall_grass":2,"minecraft:lapis_ore":1,"minecraft:diorite":1,"supplementaries:urn":25,"minecraft:spruce_stairs":2,"minecraft:birch_planks":1,"minecraft:lime_bed":8,"minecraft:cobblestone_wall":1,"minecraft:dark_oak_wall_sign":1,"minecraft:birch_leaves":1,"minecraft:coal_ore":57,"luminousworld:ishstone":15,"minecraft:gravel":1,"minecraft:cobweb":57,"minecraft:stone_bricks":7,"minecraft:mossy_stone_bricks":2,"minecraft:chipped_anvil":1},"minecraft:killed_by":{"minecraft:player":7,"iceandfire:gorgon":3},"minecraft:killed":{"iceandfire:gorgon":2,"undead_revamp2:thespitter":1,"enemyexpansion:vampflyer":1,"minecraft:pig":10,"born_in_chaos_v1:diamond_termite":10,"minecraft:sheep":1,"minecraft:zombie":17,"enemyexpansion:botfly":7,"undead_revamp2:theskeeper":1,"minecraft:cow":9,"minecraft:vindicator":1,"enemyexpansion:direwolf":2,"enemyexpansion:goblin_fear":1,"born_in_chaos_v1:maggot":5,"enemyexpansion:goblin":1,"enemyexpansion:sprinter":3,"earthmobsmod:cream_cow":4,"undead_revamp2:thesomnolence":5},"minecraft:used":{"minecraft:iron_sword":223,"minecraft:tuff":59,"minecraft:skeleton_skull":1,"minecraft:stone_pickaxe":157,"minecraft:dark_oak_trapdoor":2,"minecraft:blast_furnace":2,"minecraft:lingering_potion":1,"minecraft:bread":101,"minecraft:lectern":18,"minecraft:oak_boat":1,"minecraft:cobweb":11,"minecraft:rose_bush":1,"minecraft:stone_sword":101,"vanillaplustools:stone_hammer":131,"minecraft:cooked_chicken":1,"minecraft:torch":117,"minecraft:dirt":8,"minecraft:cobblestone_wall":31,"minecraft:granite":6,"minecraft:dark_oak_planks":2,"minecraft:iron_axe":145,"ecologics:walnut":1,"minecraft:cobbled_deepslate":28,"minecraft:cobblestone_stairs":6,"luminousworld:ishstone":1,"minecraft:green_bed":1,"minecraft:cobblestone_slab":3,"minecraft:red_bed":6,"minecraft:lime_bed":7,"minecraft:crafting_table":3,"minecraft:magenta_bed":1,"minecraft:white_bed":19,"minecraft:smoker":1,"minecraft:iron_pickaxe":862,"minecraft:stone_slab":1,"luminousworld:trout":1,"minecraft:fishing_rod":17,"minecraft:cobblestone":247},"minecraft:picked_up":{"minecraft:iron_chestplate":2,"minecraft:smithing_table":1,"minecraft:stone_slab":1,"minecraft:oak_stairs":9,"minecraft:golden_shovel":1,"minecraft:brewing_stand":2,"minecraft:string":63,"minecraft:dark_oak_trapdoor":9,"minecraft:iron_leggings":2,"minecraft:oak_sign":3,"minecraft:beetroot":1,"minecraft:cobbled_deepslate":1252,"minecraft:gold_nugget":56,"quark:cyan_shard":9,"minecraft:rose_bush":1,"minecraft:cobblestone_slab":1,"minecraft:iron_pickaxe":2,"minecraft:furnace":1,"minecraft:iron_boots":3,"iceandfire:dragonscales_red":4,"minecraft:stick":10,"minecraft:oak_fence":2,"minecraft:green_bed":1,"minecraft:torch":21,"minecraft:spruce_stairs":1,"minecraft:porkchop":21,"tombstone:grave_dust":6,"minecraft:diorite":1,"minecraft:rotten_flesh":12,"luminousworld:yellow_grassflowers":1,"supplementaries:antique_ink":3,"supplementaries:ash":33,"minecraft:iron_bars":2,"minecraft:cobblestone":603,"minecraft:birch_log":3,"ecologics:walnut_planks":6,"ecologics:walnut":1,"minecraft:cooked_beef":6,"minecraft:iron_door":1,"minecraft:andesite":50,"minecraft:smoker":2,"minecraft:potato":10,"minecraft:flint":1,"minecraft:tuff":128,"luminousworld:purple_petunias":1,"supplementaries:flax_seeds":14,"minecraft:magenta_bed":1,"minecraft:lapis_lazuli":10,"minecraft:dirt":28,"minecraft:bone":20,"minecraft:chipped_anvil":1,"minecraft:stonecutter":1,"minecraft:bow":2,"minecraft:wheat_seeds":41,"minecraft:raw_gold":5,"minecraft:mossy_stone_bricks":2,"minecraft:fletching_table":1,"minecraft:honeycomb":3,"minecraft:trapped_chest":1,"iceandfire:frozen_dirt":3,"minecraft:dispenser":1,"minecraft:diamond":23,"minecraft:lever":1,"minecraft:granite":35,"minecraft:emerald":30,"minecraft:bread":2,"iceandfire:gorgon_head":1,"minecraft:oak_sapling":2,"iceandfire:silver_nugget":6,"iceandfire:raw_silver":5,"minecraft:fishing_rod":1,"luminousworld:groundpebbles_1":2,"sophisticatedbackpacks:gold_backpack":1,"undead_revamp2:bostroxingot":1,"minecraft:charcoal":6,"minecraft:crafting_table":5,"born_in_chaos_v1:diamond_termite_shard":10,"luminousworld:decorative_brown_2":2,"luminousworld:trout":1,"minecraft:red_bed":6,"minecraft:iron_axe":2,"minecraft:item_frame":3,"minecraft:iron_shovel":1,"ecologics:walnut_sapling":3,"minecraft:cracked_stone_bricks":1,"minecraft:beef":26,"minecraft:iron_nugget":51,"minecraft:lectern":25,"minecraft:sugar_cane":41,"minecraft:spruce_trapdoor":1,"minecraft:raw_iron":78,"sophisticatedbackpacks:backpack":1,"minecraft:spruce_fence":1,"minecraft:fire_charge":2,"minecraft:white_dye":1,"minecraft:stone_button":2,"minecraft:carrot":27,"minecraft:redstone":20,"minecraft:stone_pressure_plate":1,"minecraft:dark_oak_planks":33,"minecraft:pumpkin_pie":2,"minecraft:beetroot_seeds":7,"minecraft:hay_block":34,"minecraft:glistering_melon_slice":2,"minecraft:gold_ingot":8,"minecraft:mutton":1,"minecraft:skeleton_skull":2,"minecraft:white_wool":1,"born_in_chaos_v1:corpse_maggot":6,"minecraft:lime_bed":8,"minecraft:mud_bricks":16,"minecraft:glow_ink_sac":7,"luminousworld:ishstone":13,"minecraft:leather":36,"minecraft:birch_planks":1,"minecraft:packed_mud":7,"minecraft:oak_log":23,"minecraft:gunpowder":2,"minecraft:cobblestone_wall":1,"minecraft:paper":5,"minecraft:apple":3,"minecraft:stone_bricks":9,"alexsmobs:cockroach_wing_fragment":1,"minecraft:iron_ingot":7,"minecraft:stone_pickaxe":1,"minecraft:cooked_chicken":1,"tombstone:bag_of_seeds":1,"minecraft:iron_sword":1,"minecraft:dark_oak_stairs":12,"quark:light_gray_shard":12,"minecraft:book":57,"luminousworld:clovers_1":5,"quark:white_shard":4,"minecraft:pumpkin":4,"minecraft:dandelion":1,"minecraft:raw_iron_block":1,"luminousworld:sunset_petunias":1,"minecraft:amethyst_shard":8,"minecraft:red_banner":2,"minecraft:blast_furnace":4,"minecraft:white_bed":21,"quark:oak_chest":4,"minecraft:spider_eye":5,"minecraft:iron_helmet":4,"vanillaplustools:stone_hammer":1,"minecraft:terracotta":1,"minecraft:damaged_anvil":1,"minecraft:coal":96,"minecraft:hopper":2},"minecraft:broken":{"minecraft:iron_boots":2,"minecraft:iron_chestplate":1,"minecraft:iron_leggings":2,"minecraft:stone_pickaxe":1,"minecraft:stone_sword":1,"vanillaplustools:stone_hammer":1,"minecraft:iron_pickaxe":3,"minecraft:iron_helmet":2},"minecraft:crafted":{"minecraft:oak_planks":28,"minecraft:cobblestone_slab":6,"minecraft:cobblestone_stairs":8,"sophisticatedbackpacks:crafting_upgrade":4,"sophisticatedbackpacks:backpack":3,"minecraft:cooked_porkchop":21,"minecraft:crafting_table":2,"sophisticatedbackpacks:upgrade_base":1,"sophisticatedbackpacks:diamond_backpack":1,"minecraft:stick":24,"quark:oak_chest":1,"minecraft:iron_ingot":181,"minecraft:iron_pickaxe":1,"minecraft:stone_sword":1,"minecraft:fishing_rod":1,"minecraft:diamond":1,"minecraft:stone_pickaxe":1,"sophisticatedbackpacks:iron_backpack":1,"minecraft:iron_sword":1,"minecraft:cooked_salmon":3,"sophisticatedbackpacks:gold_backpack":1,"minecraft:enchanted_book":2,"minecraft:air":0,"minecraft:oak_boat":1,"minecraft:torch":36},"minecraft:custom":{"minecraft:interact_with_crafting_table":25,"minecraft:open_barrel":62,"minecraft:leave_game":1,"minecraft:time_since_death":5003,"minecraft:sprint_one_cm":791138,"minecraft:drop":135,"minecraft:talked_to_villager":35,"minecraft:play_time":306821,"minecraft:deaths":34,"minecraft:jump":6517,"minecraft:walk_on_water_one_cm":50276,"minecraft:interact_with_furnace":9,"minecraft:traded_with_villager":2,"minecraft:sleep_in_bed":16,"tombstone:sneak_grave":2,"minecraft:damage_dealt":11158,"minecraft:player_kills":2,"minecraft:crouch_one_cm":146659,"tombstone:undead_killed":25,"minecraft:interact_with_smoker":10,"minecraft:inspect_dispenser":5,"minecraft:interact_with_smithing_table":1,"minecraft:mob_kills":81,"minecraft:interact_with_anvil":1,"minecraft:inspect_hopper":1,"minecraft:damage_dealt_resisted":20,"minecraft:climb_one_cm":3298,"minecraft:walk_one_cm":768951,"minecraft:sneak_time":48197,"minecraft:walk_under_water_one_cm":48452,"minecraft:boat_one_cm":92911,"minecraft:interact_with_blast_furnace":14,"minecraft:total_world_time":306821,"tombstone:raider_killed":1,"minecraft:time_since_rest":1315,"minecraft:damage_taken":2147483647,"minecraft:trigger_trapped_chest":2,"minecraft:swim_one_cm":61098,"minecraft:fly_one_cm":931977,"minecraft:open_chest":41,"minecraft:fall_one_cm":105141}},"DataVersion":3465}