{"stats":{"minecraft:dropped":{"minecraft:iron_ingot":34,"minecraft:bread":8,"minecraft:birch_planks":1,"minecraft:oak_log":2,"minecraft:glow_ink_sac":2,"minecraft:diamond":12,"minecraft:oak_fence":1,"minecraft:iron_helmet":1,"minecraft:leather":18,"minecraft:emerald":3,"sophisticatedbackpacks:gold_backpack":1,"minecraft:item_frame":3,"ecologics:walnut_planks":6,"minecraft:dirt":8,"minecraft:stone_button":2,"iceandfire:copper_nugget":42,"minecraft:torch":33,"tombstone:grave_key":2,"tombstone:grave_dust":2,"minecraft:iron_shovel":2,"minecraft:string":2,"minecraft:birch_log":3,"minecraft:white_wool":9,"quark:oak_chest":1,"minecraft:armor_stand":1,"minecraft:gravel":7,"iceandfire:silver_nugget":3,"minecraft:wheat":2,"tombstone:gift":1,"minecraft:white_carpet":1,"minecraft:clay_ball":4,"minecraft:white_bed":1,"minecraft:rabbit_hide":8,"supplementaries:ash":5,"luminousworld:grassflowers":2,"artifacts:umbrella":1,"minecraft:allium":2,"alexsmobs:cockroach_wing_fragment":1,"minecraft:skeleton_skull":2,"minecraft:andesite":1,"iceandfire:silver_ingot":1,"vanillaplustools:stone_hammer":1,"minecraft:oak_sapling":3,"born_in_chaos_v1:diamond_termite_shard":1,"minecraft:stone_bricks":1,"minecraft:iron_bars":3,"minecraft:blue_orchid":1,"minecraft:wooden_pickaxe":2,"luminousworld:purple_petunias":1,"minecraft:lectern":1,"minecraft:egg":1},"minecraft:mined":{"luminousworld:white_petunias":1,"minecraft:dark_oak_planks":5,"minecraft:tuff":15,"minecraft:white_bed":17,"minecraft:yellow_wall_banner":1,"luminousworld:yellowpetunias":1,"iceandfire:silver_ore":5,"luminousworld:grassvariant_4":3,"minecraft:deepslate_diamond_ore":12,"iceandfire:copper_pile":7,"minecraft:brewing_stand":1,"born_in_chaos_v1:infected_diamond_ore":1,"minecraft:spruce_trapdoor":2,"minecraft:grass_block":5,"luminousworld:grassvariant_2":2,"minecraft:mud_bricks":2,"minecraft:hay_block":13,"minecraft:furnace":4,"minecraft:dark_oak_trapdoor":6,"minecraft:iron_ore":16,"minecraft:fire":5,"minecraft:cobbled_deepslate":3,"minecraft:andesite":1,"minecraft:deepslate_lapis_ore":2,"minecraft:dark_oak_stairs":1,"minecraft:bookshelf":121,"iceandfire:gold_pile":12,"minecraft:deepslate_iron_ore":40,"minecraft:oak_stairs":1,"minecraft:iron_bars":7,"ecologics:walnut_log":8,"minecraft:stone":105,"iceandfire:podium_spruce":1,"minecraft:player_head":1,"minecraft:oak_slab":1,"minecraft:glass_pane":1,"minecraft:spruce_door":2,"minecraft:oak_fence":2,"minecraft:crafting_table":18,"born_in_chaos_v1:infected_deepslate_diamond_ore":1,"minecraft:torch":4,"minecraft:blast_furnace":2,"ecologics:walnut_leaves":3,"minecraft:lectern":2,"minecraft:tall_grass":2,"minecraft:cobblestone":5,"minecraft:deepslate_gold_ore":23,"minecraft:lapis_ore":11,"placeablesmod:bread_full_block":1,"minecraft:iron_door":1,"minecraft:wall_torch":4,"supplementaries:urn":2,"minecraft:birch_log":9,"minecraft:wheat":33,"minecraft:white_carpet":1,"minecraft:birch_leaves":11,"minecraft:wither_rose":1,"minecraft:grass":13,"minecraft:coal_ore":28,"minecraft:oak_log":20,"iceandfire:silver_pile":12,"luminousworld:ishstone":1,"minecraft:gravel":4,"minecraft:dirt":10,"minecraft:cobweb":30,"minecraft:tripwire_hook":1,"minecraft:terracotta":7,"ecologics:walnut_planks":1,"minecraft:stone_bricks":1,"minecraft:dispenser":3,"minecraft:deepslate":41,"minecraft:oak_leaves":4},"minecraft:killed_by":{"minecraft:player":3,"iceandfire:gorgon":1},"minecraft:killed":{"minecraft:spider":1,"enemyexpansion:direwolf":1,"born_in_chaos_v1:maggot":3,"minecraft:skeleton":1,"takesapillage:clay_golem":1,"born_in_chaos_v1:diamond_termite":4,"born_in_chaos_v1:decrepit_skeleton":1,"minecraft:sheep":1,"undead_revamp2:thesomnolence":1,"alexsmobs:cockroach":1,"minecraft:zombie":22,"iceandfire:ghost":1,"born_in_chaos_v1:corpse_fly":3,"enemyexpansion:botfly":6,"minecraft:cow":1},"minecraft:used":{"minecraft:stone_sword":45,"minecraft:armor_stand":2,"minecraft:dispenser":4,"minecraft:oak_sign":3,"minecraft:stone":1,"minecraft:rotten_flesh":2,"minecraft:torch":76,"minecraft:dirt":7,"minecraft:mutton":2,"minecraft:tuff":11,"iceandfire:armor_silver_metal_helmet":1,"born_in_chaos_v1:corpse_maggot":1,"minecraft:iron_axe":90,"ecologics:walnut_planks":6,"minecraft:bow":3,"minecraft:furnace":5,"ecologics:walnut":1,"tombstone:gift":4,"minecraft:egg":2,"minecraft:cobbled_deepslate":67,"minecraft:wheat_seeds":31,"minecraft:cooked_mutton":9,"minecraft:water_bucket":2,"minecraft:birch_planks":3,"minecraft:stone_pickaxe":152,"minecraft:oak_planks":2,"minecraft:wooden_pickaxe":15,"minecraft:birch_boat":2,"minecraft:glow_ink_sac":1,"minecraft:white_wool":1,"minecraft:crafting_table":29,"minecraft:blast_furnace":2,"minecraft:white_bed":19,"minecraft:cake":1,"minecraft:lever":1,"minecraft:iron_pickaxe":181,"minecraft:bread":49,"ecologics:walnut_boat":5,"minecraft:stone_button":1,"minecraft:gravel":2,"minecraft:stone_axe":214,"minecraft:fishing_rod":11,"minecraft:cobblestone":43,"quark:oak_chest":2,"minecraft:bucket":3,"minecraft:birch_log":3,"minecraft:oak_fence":1},"minecraft:picked_up":{"minecraft:crafting_table":18,"sophisticatedbackpacks:gold_backpack":1,"born_in_chaos_v1:diamond_termite_shard":4,"minecraft:iron_chestplate":3,"minecraft:wheat":32,"minecraft:allium":2,"minecraft:clay_ball":4,"artifacts:umbrella":1,"minecraft:wooden_pickaxe":1,"luminousworld:trout":2,"minecraft:wither_rose":1,"minecraft:potion":1,"tombstone:grave_key":1,"minecraft:brewing_stand":1,"minecraft:string":36,"minecraft:iron_axe":1,"ecologics:walnut_boat":5,"minecraft:iron_leggings":3,"luminousworld:sunny":2,"minecraft:armor_stand":3,"minecraft:white_carpet":1,"minecraft:iron_shovel":2,"iceandfire:bestiary":1,"minecraft:gold_nugget":36,"minecraft:cobbled_deepslate":113,"minecraft:beef":1,"minecraft:player_head":1,"minecraft:lectern":1,"minecraft:egg":3,"minecraft:iron_boots":2,"minecraft:furnace":5,"minecraft:raw_iron":46,"ecologics:walnut_log":8,"sophisticatedbackpacks:crafting_upgrade":1,"minecraft:oak_fence":2,"minecraft:torch":9,"minecraft:stone_button":3,"tombstone:grave_dust":1,"born_in_chaos_v1:pieceofdarkmetal":1,"minecraft:redstone":5,"minecraft:yellow_banner":1,"quark:ancient_tome":1,"luminousworld:grassflowers":2,"iceandfire:silver_ingot":1,"minecraft:arrow":2,"minecraft:rotten_flesh":17,"minecraft:hay_block":13,"supplementaries:ash":5,"minecraft:mutton":2,"minecraft:iron_bars":3,"minecraft:bone_block":38,"minecraft:skeleton_skull":3,"minecraft:white_wool":1,"minecraft:cobblestone":107,"ecologics:walnut_planks":1,"minecraft:birch_log":17,"born_in_chaos_v1:corpse_maggot":1,"ecologics:walnut":1,"minecraft:glow_ink_sac":4,"minecraft:andesite":1,"minecraft:leather":4,"minecraft:tuff":13,"minecraft:oak_log":23,"luminousworld:purple_petunias":1,"minecraft:gunpowder":2,"minecraft:lapis_lazuli":89,"minecraft:dirt":15,"minecraft:lantern":7,"minecraft:cooked_mutton":1,"minecraft:bone":7,"minecraft:apple":1,"minecraft:stone_bricks":3,"minecraft:bow":1,"minecraft:wheat_seeds":149,"minecraft:raw_gold":22,"alexsmobs:cockroach_wing_fragment":1,"minecraft:rabbit_hide":22,"minecraft:iron_ingot":51,"minecraft:cobweb":24,"minecraft:book":355,"luminousworld:bass_item":3,"iceandfire:copper_nugget":84,"minecraft:birch_boat":1,"iceandfire:podium_spruce":1,"minecraft:raw_iron_block":1,"minecraft:gravel":9,"minecraft:blast_furnace":2,"minecraft:white_bed":18,"minecraft:spruce_door":1,"minecraft:bundle":1,"minecraft:dispenser":3,"minecraft:diamond":12,"minecraft:iron_helmet":3,"vanillaplustools:stone_hammer":1,"minecraft:emerald":3,"minecraft:bread":1,"minecraft:oak_sapling":5,"iceandfire:silver_nugget":48,"minecraft:coal":103,"iceandfire:raw_silver":5},"minecraft:broken":{"minecraft:iron_boots":1,"minecraft:iron_chestplate":1,"minecraft:iron_leggings":1,"minecraft:stone_pickaxe":1,"iceandfire:armor_silver_metal_helmet":1,"minecraft:stone_axe":2},"minecraft:crafted":{"minecraft:oak_planks":52,"minecraft:raw_iron":9,"minecraft:oak_sign":3,"minecraft:fishing_rod":1,"minecraft:birch_boat":1,"ecologics:walnut_planks":32,"minecraft:furnace":2,"minecraft:stone":1,"minecraft:lever":1,"minecraft:cooked_mutton":6,"minecraft:leather":18,"minecraft:iron_axe":1,"minecraft:stone_pickaxe":2,"minecraft:cooked_beef":7,"sophisticatedbackpacks:iron_backpack":1,"minecraft:wheat":117,"sophisticatedbackpacks:backpack":1,"iceandfire:silver_ingot":5,"minecraft:crafting_table":11,"minecraft:wooden_pickaxe":2,"sophisticatedbackpacks:gold_backpack":1,"minecraft:bucket":1,"minecraft:birch_planks":36,"minecraft:stone_axe":3,"minecraft:bread":49,"minecraft:air":0,"minecraft:dispenser":1,"iceandfire:armor_silver_metal_helmet":1,"minecraft:iron_chestplate":1,"minecraft:white_wool":6,"minecraft:shield":2,"minecraft:stick":64,"quark:oak_chest":4,"minecraft:iron_ingot":3,"minecraft:iron_pickaxe":1,"minecraft:stone_sword":1,"minecraft:iron_leggings":1,"minecraft:gold_ingot":14,"minecraft:white_bed":2,"ecologics:walnut_boat":1,"minecraft:torch":128},"minecraft:custom":{"minecraft:mob_kills":48,"minecraft:interact_with_crafting_table":47,"minecraft:open_barrel":44,"minecraft:bell_ring":2,"minecraft:damage_dealt_resisted":45,"minecraft:eat_cake_slice":9,"minecraft:leave_game":4,"minecraft:time_since_death":6594,"minecraft:climb_one_cm":1084,"minecraft:sprint_one_cm":872420,"minecraft:walk_one_cm":718429,"minecraft:drop":66,"minecraft:talked_to_villager":4,"minecraft:play_time":286773,"minecraft:deaths":27,"minecraft:sneak_time":17088,"minecraft:walk_under_water_one_cm":15001,"minecraft:boat_one_cm":119785,"minecraft:jump":4371,"minecraft:interact_with_blast_furnace":11,"minecraft:walk_on_water_one_cm":41029,"minecraft:total_world_time":286773,"minecraft:interact_with_furnace":21,"minecraft:interact_with_cartography_table":1,"minecraft:sleep_in_bed":15,"minecraft:time_since_rest":6127,"minecraft:damage_taken":2147483647,"minecraft:damage_dealt":6635,"minecraft:player_kills":7,"minecraft:swim_one_cm":35084,"minecraft:fly_one_cm":855203,"minecraft:open_chest":23,"minecraft:crouch_one_cm":63570,"tombstone:undead_killed":25,"minecraft:interact_with_smoker":2,"minecraft:fall_one_cm":98416,"minecraft:inspect_dispenser":8,"minecraft:horse_one_cm":337037}},"DataVersion":3465}