{"stats":{"minecraft:dropped":{"minecraft:birch_planks":1,"minecraft:oak_log":2,"minecraft:glow_ink_sac":2,"minecraft:diamond":12,"iceandfire:frozen_dirt":2,"minecraft:leather":22,"minecraft:item_frame":3,"sophisticatedbackpacks:gold_backpack":1,"minecraft:emerald":3,"ecologics:walnut_planks":6,"minecraft:dirt":8,"luminousworld:sunny":2,"luminousworld:trout":2,"minecraft:stone_button":2,"minecraft:birch_log":3,"minecraft:fishing_rod":1,"minecraft:white_wool":9,"quark:oak_chest":1,"minecraft:armor_stand":1,"minecraft:gravel":7,"minecraft:wheat":2,"tombstone:gift":1,"minecraft:rotten_flesh":2,"minecraft:white_bed":1,"minecraft:rabbit_hide":8,"supplementaries:ash":5,"luminousworld:grassflowers":2,"artifacts:umbrella":1,"minecraft:skeleton_skull":2,"born_in_chaos_v1:diamond_termite_shard":1,"vanillaplustools:stone_hammer":1,"minecraft:iron_bars":3,"minecraft:lectern":1,"minecraft:egg":1,"minecraft:bread":8,"minecraft:iron_ingot":34,"minecraft:wheat_seeds":72,"minecraft:oak_fence":1,"minecraft:iron_helmet":1,"iceandfire:copper_nugget":42,"minecraft:torch":33,"tombstone:grave_key":2,"tombstone:grave_dust":2,"minecraft:iron_shovel":2,"minecraft:string":2,"iceandfire:silver_nugget":3,"minecraft:white_carpet":1,"minecraft:clay_ball":4,"minecraft:allium":2,"alexsmobs:cockroach_wing_fragment":1,"minecraft:andesite":1,"iceandfire:silver_ingot":1,"minecraft:oak_sapling":3,"minecraft:stone_bricks":1,"minecraft:blue_orchid":1,"minecraft:wooden_pickaxe":2,"luminousworld:purple_petunias":1},"minecraft:mined":{"luminousworld:white_petunias":1,"minecraft:dark_oak_planks":5,"minecraft:white_bed":19,"luminousworld:yellowpetunias":1,"iceandfire:copper_pile":7,"minecraft:brewing_stand":1,"minecraft:spruce_trapdoor":2,"minecraft:grass_block":7,"minecraft:mud_bricks":2,"minecraft:dark_oak_trapdoor":6,"minecraft:iron_ore":16,"minecraft:cobbled_deepslate":4,"minecraft:fire":5,"minecraft:deepslate_lapis_ore":2,"minecraft:dark_oak_stairs":1,"iceandfire:gold_pile":12,"minecraft:iron_bars":7,"minecraft:oak_stairs":1,"ecologics:walnut_log":8,"minecraft:player_head":1,"minecraft:powder_snow":15,"born_in_chaos_v1:infected_deepslate_diamond_ore":1,"minecraft:torch":4,"minecraft:blast_furnace":2,"iceandfire:frozen_dirt":3,"minecraft:cobblestone":5,"placeablesmod:bread_full_block":1,"minecraft:iron_door":1,"minecraft:wall_torch":4,"minecraft:birch_log":13,"minecraft:wheat":62,"minecraft:wither_rose":1,"minecraft:grass":16,"minecraft:oak_log":23,"minecraft:beetroots":2,"minecraft:dirt":11,"minecraft:tripwire_hook":1,"minecraft:dispenser":3,"minecraft:oak_leaves":7,"minecraft:deepslate":41,"luminousworld:groundpebbles_1":1,"minecraft:tuff":15,"minecraft:yellow_wall_banner":1,"iceandfire:silver_ore":5,"minecraft:deepslate_diamond_ore":12,"luminousworld:grassvariant_4":3,"born_in_chaos_v1:infected_diamond_ore":1,"luminousworld:grassvariant_2":2,"minecraft:hay_block":16,"minecraft:furnace":4,"minecraft:carrots":4,"minecraft:andesite":1,"minecraft:bookshelf":121,"minecraft:deepslate_iron_ore":40,"minecraft:stone":105,"iceandfire:podium_spruce":1,"minecraft:oak_slab":1,"minecraft:glass_pane":1,"minecraft:spruce_door":2,"minecraft:oak_fence":2,"minecraft:crafting_table":20,"ecologics:walnut_leaves":3,"minecraft:lectern":2,"minecraft:tall_grass":2,"minecraft:lapis_ore":11,"minecraft:deepslate_gold_ore":23,"supplementaries:urn":2,"minecraft:white_carpet":1,"minecraft:birch_leaves":11,"minecraft:coal_ore":28,"iceandfire:silver_pile":12,"luminousworld:ishstone":1,"minecraft:gravel":4,"minecraft:cobweb":30,"minecraft:terracotta":7,"ecologics:walnut_planks":1,"minecraft:stone_bricks":1},"minecraft:killed_by":{"minecraft:player":3,"iceandfire:gorgon":1},"minecraft:killed":{"minecraft:spider":1,"minecraft:skeleton":1,"born_in_chaos_v1:diamond_termite":4,"minecraft:sheep":1,"minecraft:zombie":22,"born_in_chaos_v1:corpse_fly":3,"enemyexpansion:botfly":6,"minecraft:cow":2,"enemyexpansion:direwolf":1,"born_in_chaos_v1:maggot":3,"takesapillage:clay_golem":1,"enemyexpansion:sprinter":1,"born_in_chaos_v1:decrepit_skeleton":1,"undead_revamp2:thesomnolence":1,"alexsmobs:cockroach":1,"iceandfire:ghost":1},"minecraft:used":{"minecraft:beetroot":2,"minecraft:dispenser":4,"minecraft:oak_sign":3,"minecraft:stone":1,"earthmobsmod:fancy_egg":3,"minecraft:rotten_flesh":2,"minecraft:mutton":2,"minecraft:tuff":11,"born_in_chaos_v1:corpse_maggot":1,"ecologics:walnut_planks":6,"minecraft:bow":3,"minecraft:furnace":5,"minecraft:egg":2,"minecraft:stone_pickaxe":152,"minecraft:oak_planks":2,"minecraft:wooden_pickaxe":15,"minecraft:white_wool":1,"iceandfire:frozen_dirt":1,"minecraft:blast_furnace":2,"minecraft:lever":1,"minecraft:bread":56,"minecraft:stone_button":1,"minecraft:gravel":2,"minecraft:birch_log":3,"minecraft:oak_fence":1,"minecraft:stone_sword":45,"minecraft:armor_stand":2,"minecraft:torch":76,"minecraft:dirt":8,"iceandfire:armor_silver_metal_helmet":1,"minecraft:wooden_axe":7,"minecraft:iron_axe":91,"minecraft:beef":1,"ecologics:walnut":1,"tombstone:gift":4,"minecraft:cobbled_deepslate":96,"minecraft:wheat_seeds":31,"minecraft:cooked_mutton":9,"minecraft:water_bucket":4,"minecraft:birch_planks":9,"minecraft:birch_boat":6,"minecraft:glow_ink_sac":1,"minecraft:crafting_table":30,"minecraft:white_bed":20,"minecraft:cake":1,"minecraft:iron_pickaxe":182,"ecologics:walnut_boat":6,"minecraft:stone_axe":214,"minecraft:fishing_rod":11,"minecraft:cobblestone":43,"minecraft:bucket":5,"quark:oak_chest":2},"minecraft:picked_up":{"minecraft:iron_chestplate":3,"minecraft:wheat":59,"artifacts:umbrella":1,"minecraft:potion":1,"minecraft:wither_rose":1,"earthmobsmod:fancy_egg":3,"tombstone:grave_key":1,"minecraft:brewing_stand":1,"minecraft:string":36,"ecologics:walnut_boat":6,"minecraft:iron_leggings":3,"minecraft:armor_stand":3,"minecraft:beetroot":2,"minecraft:gold_nugget":36,"minecraft:cobbled_deepslate":114,"minecraft:furnace":5,"minecraft:iron_boots":2,"ecologics:walnut_log":8,"minecraft:oak_fence":2,"minecraft:torch":9,"tombstone:grave_dust":1,"minecraft:yellow_banner":1,"quark:ancient_tome":1,"luminousworld:grassflowers":2,"minecraft:rotten_flesh":19,"supplementaries:ash":5,"minecraft:iron_bars":3,"minecraft:cobblestone":108,"minecraft:birch_log":21,"ecologics:walnut_planks":1,"ecologics:walnut":1,"minecraft:andesite":1,"minecraft:tuff":13,"luminousworld:purple_petunias":1,"minecraft:lapis_lazuli":89,"minecraft:dirt":19,"minecraft:lantern":8,"minecraft:bone":7,"minecraft:bow":1,"minecraft:wheat_seeds":230,"minecraft:raw_gold":22,"luminousworld:bass_item":3,"iceandfire:podium_spruce":1,"iceandfire:frozen_dirt":3,"minecraft:bundle":1,"minecraft:dispenser":3,"minecraft:diamond":12,"minecraft:bread":1,"minecraft:emerald":3,"minecraft:oak_sapling":5,"iceandfire:silver_nugget":48,"iceandfire:raw_silver":5,"sophisticatedbackpacks:gold_backpack":1,"born_in_chaos_v1:diamond_termite_shard":4,"minecraft:crafting_table":19,"minecraft:allium":3,"minecraft:clay_ball":4,"minecraft:wooden_pickaxe":1,"luminousworld:trout":2,"minecraft:iron_axe":1,"luminousworld:sunny":2,"minecraft:white_carpet":1,"minecraft:iron_shovel":2,"iceandfire:bestiary":1,"minecraft:beef":2,"minecraft:player_head":1,"minecraft:lectern":1,"minecraft:egg":3,"minecraft:raw_iron":46,"sophisticatedbackpacks:crafting_upgrade":1,"minecraft:stone_button":3,"born_in_chaos_v1:pieceofdarkmetal":1,"minecraft:carrot":4,"minecraft:redstone":5,"iceandfire:silver_ingot":1,"minecraft:arrow":2,"minecraft:beetroot_seeds":6,"minecraft:hay_block":16,"minecraft:mutton":2,"minecraft:white_wool":1,"minecraft:skeleton_skull":3,"minecraft:bone_block":38,"born_in_chaos_v1:corpse_maggot":1,"minecraft:glow_ink_sac":4,"minecraft:leather":8,"minecraft:oak_log":26,"minecraft:gunpowder":2,"minecraft:cooked_mutton":1,"minecraft:apple":1,"minecraft:stone_bricks":3,"alexsmobs:cockroach_wing_fragment":1,"minecraft:rabbit_hide":22,"minecraft:iron_ingot":51,"minecraft:cobweb":24,"minecraft:book":355,"iceandfire:copper_nugget":84,"minecraft:birch_boat":4,"minecraft:raw_iron_block":1,"minecraft:gravel":9,"minecraft:blast_furnace":2,"minecraft:white_bed":20,"minecraft:spruce_door":1,"minecraft:iron_helmet":3,"vanillaplustools:stone_hammer":1,"minecraft:coal":103},"minecraft:broken":{"minecraft:iron_boots":2,"minecraft:iron_chestplate":1,"minecraft:iron_leggings":1,"minecraft:stone_pickaxe":1,"minecraft:stone_axe":2,"iceandfire:armor_silver_metal_helmet":1},"minecraft:crafted":{"minecraft:oak_planks":64,"minecraft:oak_sign":3,"minecraft:birch_boat":3,"ecologics:walnut_planks":32,"minecraft:stone":1,"minecraft:lever":1,"minecraft:cooked_mutton":6,"sophisticatedbackpacks:backpack":1,"minecraft:crafting_table":12,"minecraft:wooden_pickaxe":3,"minecraft:birch_planks":52,"minecraft:dispenser":1,"minecraft:iron_chestplate":1,"minecraft:shield":2,"minecraft:iron_pickaxe":1,"minecraft:stick":68,"quark:oak_chest":4,"minecraft:iron_ingot":3,"minecraft:stone_sword":1,"minecraft:gold_ingot":14,"minecraft:raw_iron":9,"minecraft:fishing_rod":1,"minecraft:furnace":2,"minecraft:leather":18,"minecraft:iron_axe":1,"minecraft:stone_pickaxe":2,"minecraft:wheat":144,"sophisticatedbackpacks:iron_backpack":1,"minecraft:cooked_beef":7,"iceandfire:silver_ingot":5,"sophisticatedbackpacks:gold_backpack":1,"minecraft:bucket":1,"minecraft:stone_axe":3,"minecraft:bread":79,"minecraft:air":0,"iceandfire:armor_silver_metal_helmet":1,"minecraft:white_wool":6,"minecraft:wooden_axe":1,"minecraft:iron_leggings":1,"minecraft:white_bed":2,"ecologics:walnut_boat":1,"minecraft:torch":128},"minecraft:custom":{"minecraft:interact_with_crafting_table":51,"minecraft:open_barrel":44,"minecraft:bell_ring":2,"minecraft:eat_cake_slice":9,"minecraft:leave_game":4,"minecraft:time_since_death":22045,"minecraft:sprint_one_cm":1048145,"minecraft:drop":75,"minecraft:talked_to_villager":8,"minecraft:play_time":322773,"minecraft:deaths":28,"minecraft:jump":5252,"minecraft:walk_on_water_one_cm":44200,"minecraft:interact_with_furnace":21,"minecraft:interact_with_cartography_table":1,"minecraft:sleep_in_bed":18,"minecraft:damage_dealt":6719,"minecraft:player_kills":7,"minecraft:crouch_one_cm":73819,"tombstone:undead_killed":26,"minecraft:interact_with_smoker":2,"minecraft:inspect_dispenser":8,"minecraft:horse_one_cm":337037,"minecraft:mob_kills":51,"minecraft:damage_dealt_resisted":45,"minecraft:climb_one_cm":1432,"minecraft:walk_one_cm":778197,"minecraft:sneak_time":20250,"minecraft:walk_under_water_one_cm":15849,"minecraft:boat_one_cm":315244,"minecraft:interact_with_blast_furnace":11,"minecraft:total_world_time":322773,"minecraft:time_since_rest":13315,"minecraft:damage_taken":2147483647,"minecraft:swim_one_cm":41950,"minecraft:fly_one_cm":1039107,"minecraft:open_chest":26,"minecraft:fall_one_cm":118386}},"DataVersion":3465}