{"stats":{"minecraft:dropped":{"minecraft:spruce_sign":2,"minecraft:iron_sword":1,"minecraft:dark_oak_stairs":2,"minecraft:oak_log":1,"born_in_chaos_v1:fried_maggot":2,"minecraft:cooked_porkchop":1,"minecraft:red_nether_brick_slab":1,"minecraft:item_frame":1,"minecraft:emerald":18,"minecraft:cobblestone_stairs":1,"minecraft:dirt":16,"minecraft:stone_button":9,"minecraft:dark_oak_trapdoor":1,"iceandfire:dragonscales_red":8,"minecraft:glistering_melon_slice":2,"minecraft:birch_log":7,"quark:oak_chest":1,"minecraft:bone":1,"minecraft:stone_axe":1,"minecraft:cobbled_deepslate":216,"minecraft:wheat":1,"tombstone:gift":2,"undead_revamp2:arapholia":1,"minecraft:rotten_flesh":8,"born_in_chaos_v1:smoked_flesh":10,"minecraft:oak_planks":34,"minecraft:carrot":2,"supplementaries:ash":2,"luminousworld:grassflowers":1,"minecraft:skeleton_skull":2,"born_in_chaos_v1:corpse_maggot":1,"quark:tuff_slab":5,"minecraft:red_nether_bricks":3,"minecraft:arrow":4,"iceandfire:manuscript":45,"minecraft:bread":32,"minecraft:oak_slab":2,"minecraft:wheat_seeds":113,"luminousworld:ishstone":20,"minecraft:iron_helmet":2,"minecraft:oak_fence":4,"minecraft:feather":3,"minecraft:cobblestone":16,"minecraft:granite":7,"minecraft:spruce_door":2,"minecraft:diorite":1,"minecraft:iron_door":1,"minecraft:potion":2,"minecraft:iron_leggings":1,"minecraft:oak_stairs":8,"minecraft:iron_axe":1,"minecraft:paper":3,"minecraft:smooth_sandstone":17,"minecraft:tripwire_hook":1,"minecraft:dandelion":2,"iceandfire:silver_nugget":12,"ecologics:coconut_planks":1,"minecraft:stone_sword":1,"minecraft:tuff":192,"born_in_chaos_v1:rotten_fish":2,"minecraft:iron_boots":1,"minecraft:oak_sign":1,"luminousworld:yellow_grassflowers":1,"minecraft:mud_bricks":3,"minecraft:peony":2,"minecraft:spruce_trapdoor":3,"minecraft:iron_chestplate":1,"minecraft:andesite":22,"minecraft:mossy_stone_bricks":2,"minecraft:oak_sapling":1,"minecraft:spider_eye":1,"minecraft:stone_bricks":14,"minecraft:bow":3,"minecraft:wooden_pickaxe":1,"ecologics:seashell":1,"luminousworld:purple_petunias":2},"minecraft:mined":{"undead_revamp2:arapholia":1,"minecraft:dark_oak_planks":4,"minecraft:red_nether_brick_slab":1,"minecraft:white_bed":25,"iceandfire:graveyard_soil":1,"luminousworld:yellowpetunias":1,"iceandfire:copper_pile":6,"minecraft:cobblestone_stairs":1,"minecraft:red_nether_bricks":3,"minecraft:granite":10,"minecraft:grass_block":30,"minecraft:infested_cobblestone":1,"minecraft:white_concrete":4,"minecraft:coal_block":17,"minecraft:mud_bricks":9,"minecraft:hopper":1,"minecraft:spawner":2,"minecraft:raw_iron_block":1,"minecraft:iron_ore":13,"minecraft:cobbled_deepslate":7,"minecraft:fire":17,"minecraft:deepslate_lapis_ore":8,"minecraft:stripped_dark_oak_wood":1,"minecraft:pointed_dripstone":1,"iceandfire:gold_pile":73,"minecraft:dirt_path":1,"minecraft:oak_stairs":4,"minecraft:iron_bars":2,"minecraft:smooth_sandstone_stairs":2,"ecologics:walnut_log":3,"minecraft:stripped_mangrove_wood":1,"minecraft:iron_block":1,"minecraft:deepslate_redstone_ore":4,"minecraft:red_bed":2,"luminousworld:purple_petunias":1,"minecraft:powder_snow":2,"born_in_chaos_v1:infected_deepslate_diamond_ore":1,"minecraft:torch":22,"minecraft:calcite":11,"minecraft:spruce_wall_sign":1,"minecraft:cobblestone":20,"minecraft:sugar_cane":3,"minecraft:oak_planks":1,"placeablesmod:bread_full_block":4,"minecraft:iron_door":1,"minecraft:wall_torch":27,"minecraft:seagrass":1,"ecologics:seashell":1,"minecraft:light_gray_stained_glass":1,"minecraft:birch_log":6,"minecraft:wheat":18,"minecraft:tnt":1,"minecraft:smooth_stone_slab":2,"minecraft:grass":37,"minecraft:oak_log":14,"minecraft:dirt":10,"luminousworld:grassvariant_3":3,"minecraft:tripwire_hook":3,"minecraft:netherrack":2,"minecraft:piston":1,"minecraft:deepslate":819,"minecraft:tuff":173,"iceandfire:silver_ore":1,"minecraft:deepslate_diamond_ore":6,"luminousworld:grassvariant_4":2,"born_in_chaos_v1:infected_diamond_ore":2,"luminousworld:grassvariant_2":10,"iceandfire:chared_dirt":1,"ecologics:coconut_log":4,"luminousworld:groundpebbles_3":2,"minecraft:hay_block":57,"luminousworld:yellow_grassflowers":1,"minecraft:furnace":3,"minecraft:packed_mud":4,"minecraft:carrots":3,"minecraft:andesite":29,"minecraft:peony":3,"minecraft:gold_block":1,"minecraft:bookshelf":34,"minecraft:potatoes":3,"minecraft:deepslate_iron_ore":43,"minecraft:cobblestone_slab":1,"minecraft:vine":2,"minecraft:bamboo":3,"luminousworld:groundpebbles_2":1,"minecraft:stone":90,"minecraft:oak_slab":1,"minecraft:redstone_block":1,"minecraft:glass_pane":2,"quark:oak_chest":2,"minecraft:spruce_door":1,"minecraft:oak_fence":1,"minecraft:smooth_sandstone":31,"minecraft:crafting_table":5,"ecologics:walnut_leaves":2,"minecraft:lectern":54,"luminousworld:grassflowers":1,"minecraft:tall_grass":5,"minecraft:diorite":1,"minecraft:dark_prismarine_slab":9,"minecraft:red_wall_banner":1,"minecraft:coal_ore":30,"iceandfire:silver_pile":9,"luminousworld:ishstone":12,"minecraft:gravel":2,"minecraft:cobweb":30,"minecraft:cracked_stone_bricks":1,"minecraft:stone_bricks":7},"minecraft:killed_by":{"undead_revamp2:the_moonflower":1,"enemyexpansion:huntsman":1,"iceandfire:fire_dragon":3,"minecraft:husk":1,"minecraft:player":2,"undead_revamp2:thespitter":1,"iceandfire:gorgon":1},"minecraft:killed":{"earthmobsmod:duck":1,"minecraft:cave_spider":1,"naturalist:robin":1,"minecraft:skeleton":1,"minecraft:silverfish":2,"born_in_chaos_v1:diamond_termite":1,"minecraft:zombie":14,"alexsmobs:terrapin":1,"born_in_chaos_v1:corpse_fly":5,"enemyexpansion:botfly":1,"enemyexpansion:trollenraged":1,"undead_revamp2:thehunter":2,"undead_revamp2:theimmortal":1,"minecraft:vindicator":2,"born_in_chaos_v1:thornshell_crab":1,"born_in_chaos_v1:maggot":8,"iceandfire:fire_dragon":1,"minecraft:husk":14,"iceandfire:cyclops":1,"undead_revamp2:thesomnolence":1,"alexsmobs:crow":1},"minecraft:used":{"minecraft:iron_sword":307,"ecologics:coconut_planks":6,"minecraft:iron_chestplate":1,"born_in_chaos_v1:corpse_maggot":1,"minecraft:stripped_dark_oak_wood":1,"minecraft:stone_bricks":7,"minecraft:bow":1,"minecraft:furnace":4,"minecraft:mossy_stone_bricks":1,"minecraft:diorite":1,"minecraft:stone_pickaxe":90,"minecraft:oak_planks":17,"minecraft:wooden_pickaxe":14,"luminousworld:yellowpetunias":1,"earthmobsmod:duck_egg":1,"minecraft:bread":120,"minecraft:lectern":51,"minecraft:andesite":17,"minecraft:smooth_stone_slab":2,"minecraft:stone_sword":98,"iceandfire:silver_sword":149,"minecraft:flint_and_steel":64,"vanillaplustools:stone_hammer":130,"minecraft:torch":121,"minecraft:dirt":21,"minecraft:hopper":1,"minecraft:granite":3,"minecraft:dark_oak_planks":4,"minecraft:iron_axe":31,"minecraft:smooth_sandstone":8,"minecraft:iron_boots":2,"minecraft:bamboo":4,"minecraft:tripwire_hook":1,"ecologics:coconut_boat":1,"tombstone:gift":2,"quark:tuff_slab":9,"undead_revamp2:arapholia":1,"minecraft:cobbled_deepslate":147,"minecraft:iron_leggings":2,"minecraft:calcite":4,"minecraft:water_bucket":2,"minecraft:birch_boat":1,"minecraft:glow_ink_sac":1,"minecraft:crafting_table":8,"minecraft:red_bed":2,"minecraft:white_bed":24,"minecraft:iron_pickaxe":355,"iceandfire:graveyard_soil":1,"minecraft:stone_axe":109,"minecraft:cobblestone":49,"minecraft:red_banner":3,"quark:oak_chest":1,"alexsmobs:animal_dictionary":1,"minecraft:dandelion":1},"minecraft:picked_up":{"minecraft:iron_chestplate":1,"minecraft:wheat":64,"minecraft:redstone_block":1,"artifacts:umbrella":1,"minecraft:oak_stairs":8,"minecraft:golden_shovel":1,"minecraft:potion":1,"minecraft:brewing_stand":1,"iceandfire:manuscript":47,"minecraft:string":33,"minecraft:dark_oak_trapdoor":1,"minecraft:raw_copper":7,"minecraft:red_nether_bricks":3,"minecraft:smooth_stone_slab":2,"minecraft:iron_leggings":2,"minecraft:oak_sign":1,"minecraft:cobbled_deepslate":1095,"minecraft:gold_nugget":636,"earthmobsmod:duck_egg":1,"minecraft:calcite":4,"minecraft:iron_pickaxe":1,"minecraft:coal_block":17,"minecraft:furnace":3,"iceandfire:dragonscales_red":32,"minecraft:iron_boots":3,"minecraft:stick":3,"ecologics:walnut_log":3,"minecraft:oak_fence":2,"minecraft:torch":77,"quark:tuff_slab":8,"minecraft:pointed_dripstone":1,"tombstone:grave_dust":1,"minecraft:diorite":2,"luminousworld:grassflowers":2,"minecraft:stone_sword":1,"minecraft:rotten_flesh":49,"luminousworld:yellow_grassflowers":1,"ecologics:coconut_log":4,"minecraft:iron_block":1,"iceandfire:fire_dragon_heart":1,"supplementaries:ash":13,"minecraft:iron_bars":2,"undead_revamp2:arapholia":2,"minecraft:cobblestone":122,"minecraft:birch_log":16,"minecraft:feather":4,"minecraft:iron_door":2,"minecraft:water_bucket":1,"minecraft:andesite":41,"minecraft:potato":5,"minecraft:flint":1,"minecraft:tuff":173,"minecraft:smooth_sandstone_stairs":2,"supplementaries:flax_seeds":3,"luminousworld:purple_petunias":2,"minecraft:lapis_lazuli":51,"minecraft:dirt":43,"minecraft:lantern":6,"minecraft:bone":8,"minecraft:bow":4,"minecraft:wheat_seeds":116,"minecraft:raw_gold":41,"minecraft:mossy_stone_bricks":3,"minecraft:bamboo":11,"minecraft:oak_planks":1,"minecraft:cooked_porkchop":1,"iceandfire:dragon_skull_fire":1,"minecraft:dark_prismarine_slab":6,"minecraft:diamond":5,"luminousworld:yellowpetunias":1,"minecraft:lever":1,"minecraft:granite":10,"minecraft:bone_meal":1,"minecraft:white_concrete":2,"minecraft:spruce_sign":3,"minecraft:emerald":13,"minecraft:bread":7,"minecraft:netherrack":1,"minecraft:oak_sapling":1,"born_in_chaos_v1:rotten_fish":4,"iceandfire:silver_nugget":30,"iceandfire:raw_silver":1,"sophisticatedbackpacks:gold_backpack":1,"luminousworld:groundpebbles_1":6,"minecraft:crafting_table":5,"born_in_chaos_v1:diamond_termite_shard":2,"minecraft:allium":3,"minecraft:chicken":1,"ecologics:seashell":1,"minecraft:gold_block":1,"minecraft:diamond_horse_armor":1,"ecologics:coconut_boat":1,"minecraft:red_bed":2,"minecraft:iron_axe":1,"minecraft:item_frame":4,"minecraft:iron_shovel":2,"minecraft:cyan_carpet":4,"iceandfire:graveyard_soil":1,"minecraft:cracked_stone_bricks":1,"minecraft:player_head":1,"minecraft:lectern":52,"minecraft:sugar_cane":6,"minecraft:piston":1,"minecraft:spruce_trapdoor":3,"minecraft:raw_iron":76,"iceandfire:dragonbone":9,"ecologics:coconut_slice":4,"sophisticatedbackpacks:crafting_upgrade":1,"sophisticatedbackpacks:backpack":1,"minecraft:fire_charge":2,"minecraft:stone_button":9,"born_in_chaos_v1:pieceofdarkmetal":1,"minecraft:carrot":10,"minecraft:redstone":14,"minecraft:dark_oak_planks":4,"minecraft:tnt":1,"minecraft:arrow":5,"minecraft:peony":2,"minecraft:hay_block":57,"minecraft:stripped_dark_oak_wood":2,"minecraft:glistering_melon_slice":3,"born_in_chaos_v1:spiny_shell":4,"minecraft:gold_ingot":5,"minecraft:mutton":5,"minecraft:skeleton_skull":2,"born_in_chaos_v1:corpse_maggot":14,"minecraft:mud_bricks":9,"minecraft:tripwire_hook":2,"minecraft:glow_ink_sac":1,"luminousworld:ishstone":28,"minecraft:packed_mud":3,"minecraft:oak_log":17,"minecraft:gunpowder":1,"minecraft:cobblestone_stairs":1,"minecraft:paper":6,"tombstone:gift":4,"minecraft:smooth_sandstone":25,"minecraft:stone_bricks":20,"born_in_chaos_v1:smoked_flesh":5,"minecraft:iron_ingot":2,"minecraft:iron_sword":2,"iceandfire:fire_dragon_flesh":1,"minecraft:dark_oak_stairs":2,"minecraft:book":102,"quark:light_gray_shard":8,"minecraft:oak_slab":2,"iceandfire:copper_nugget":42,"minecraft:dark_oak_slab":9,"luminousworld:clovers_1":1,"minecraft:birch_boat":1,"minecraft:dandelion":2,"minecraft:raw_iron_block":2,"minecraft:red_banner":3,"minecraft:white_bed":24,"minecraft:spruce_door":4,"quark:oak_chest":3,"minecraft:spider_eye":1,"minecraft:stone_axe":1,"iceandfire:silver_sword":3,"minecraft:iron_helmet":4,"vanillaplustools:stone_hammer":2,"minecraft:red_nether_brick_slab":1,"minecraft:terracotta":14,"tombstone:magic_scroll":1,"minecraft:coal":36},"minecraft:broken":{"minecraft:iron_boots":1,"minecraft:iron_chestplate":1,"minecraft:iron_leggings":1,"minecraft:iron_sword":1,"minecraft:flint_and_steel":1,"vanillaplustools:stone_hammer":1,"minecraft:iron_pickaxe":1,"minecraft:iron_helmet":1},"minecraft:crafted":{"minecraft:oak_planks":60,"minecraft:birch_boat":1,"ecologics:walnut_planks":12,"quark:deepslate_furnace":1,"minecraft:hopper":1,"minecraft:iron_boots":1,"minecraft:crafting_table":4,"minecraft:iron_helmet":1,"minecraft:wooden_pickaxe":1,"iceandfire:armor_red_chestplate":1,"minecraft:birch_planks":28,"minecraft:iron_chestplate":1,"minecraft:stick":36,"born_in_chaos_v1:smoked_flesh":5,"minecraft:iron_ingot":17,"minecraft:iron_pickaxe":2,"minecraft:stone_sword":1,"minecraft:gold_ingot":9,"iceandfire:silver_sword":1,"ecologics:coconut_planks":16,"iceandfire:dragon_stick":1,"minecraft:furnace":2,"minecraft:flint_and_steel":1,"born_in_chaos_v1:fried_maggot":2,"quark:tuff_slab":6,"iceandfire:armor_red_leggings":1,"minecraft:stone_pickaxe":1,"iceandfire:armor_red_boots":1,"ecologics:coconut_boat":1,"minecraft:wheat":465,"sophisticatedbackpacks:iron_backpack":1,"iceandfire:silver_ingot":2,"minecraft:iron_sword":3,"sophisticatedbackpacks:gold_backpack":1,"minecraft:stone_axe":1,"minecraft:bread":158,"minecraft:air":0,"iceandfire:armor_red_helmet":1,"minecraft:iron_leggings":1,"minecraft:torch":60},"minecraft:custom":{"minecraft:interact_with_crafting_table":43,"minecraft:open_barrel":102,"minecraft:bell_ring":109,"minecraft:eat_cake_slice":7,"minecraft:leave_game":4,"minecraft:time_since_death":7608,"minecraft:damage_resisted":2,"minecraft:sprint_one_cm":807323,"minecraft:drop":140,"minecraft:play_noteblock":1,"minecraft:talked_to_villager":109,"minecraft:play_time":333753,"minecraft:deaths":33,"tombstone:tomb_raiding":1,"minecraft:jump":4812,"minecraft:walk_on_water_one_cm":112559,"minecraft:interact_with_furnace":16,"minecraft:sleep_in_bed":23,"minecraft:damage_dealt":18581,"minecraft:player_kills":1,"minecraft:crouch_one_cm":56909,"tombstone:undead_killed":32,"minecraft:interact_with_smoker":9,"minecraft:inspect_dispenser":2,"minecraft:horse_one_cm":6081,"minecraft:mob_kills":69,"minecraft:inspect_hopper":3,"minecraft:damage_dealt_resisted":61,"minecraft:climb_one_cm":2752,"minecraft:walk_one_cm":1140804,"minecraft:sneak_time":17879,"minecraft:walk_under_water_one_cm":46144,"minecraft:boat_one_cm":75682,"minecraft:interact_with_blast_furnace":5,"minecraft:total_world_time":333753,"tombstone:raider_killed":2,"minecraft:time_since_rest":7353,"minecraft:damage_taken":2147483647,"minecraft:trigger_trapped_chest":2,"minecraft:swim_one_cm":64950,"minecraft:fly_one_cm":627182,"minecraft:open_chest":53,"minecraft:fall_one_cm":102975}},"DataVersion":3465}