{"stats":{"minecraft:dropped":{"minecraft:enchanted_book":4,"minecraft:iron_ingot":2,"minecraft:bread":20,"minecraft:iron_sword":1,"minecraft:birch_planks":9,"minecraft:wheat_seeds":43,"minecraft:lapis_lazuli":26,"minecraft:glow_ink_sac":20,"born_in_chaos_v1:fried_maggot":14,"luminousworld:ishstone":130,"minecraft:diamond":6,"minecraft:dark_prismarine_slab":1,"minecraft:iron_helmet":4,"minecraft:cobblestone":3,"minecraft:leather":59,"minecraft:granite":11,"minecraft:stick":1,"minecraft:dirt":88,"minecraft:gray_wool":1,"minecraft:raw_copper_block":8,"minecraft:stone_button":2,"iceandfire:copper_nugget":112,"minecraft:mutton":5,"minecraft:rose_bush":1,"tombstone:grave_dust":1,"minecraft:potion":2,"minecraft:iron_leggings":2,"minecraft:gold_nugget":100,"minecraft:raw_iron_block":10,"minecraft:iron_pickaxe":2,"iceandfire:armor_silver_metal_helmet":1,"minecraft:iron_shovel":1,"minecraft:string":4,"minecraft:armor_stand":5,"minecraft:gold_ingot":68,"minecraft:sugar_cane":13,"born_in_chaos_v1:fire_dust":15,"minecraft:cobbled_deepslate":188,"minecraft:tuff":1,"tombstone:gift":1,"minecraft:rotten_flesh":22,"minecraft:iron_boots":3,"supplementaries:ash":33,"minecraft:cyan_wool":2,"minecraft:hay_block":8,"artifacts:umbrella":1,"minecraft:skeleton_skull":1,"minecraft:iron_chestplate":3,"born_in_chaos_v1:corpse_maggot":1,"iceandfire:silver_ingot":1,"iceandfire:pixie_dust":1,"minecraft:oak_sapling":3,"vanillaplustools:stone_hammer":3,"minecraft:birch_boat":8,"minecraft:raw_gold":35,"minecraft:stone_pickaxe":7,"minecraft:wooden_pickaxe":1,"minecraft:written_book":1,"minecraft:egg":1},"minecraft:mined":{"minecraft:dark_oak_planks":5,"minecraft:tuff":60,"minecraft:white_bed":14,"minecraft:deepslate_diamond_ore":5,"luminousworld:grassvariant_4":4,"iceandfire:copper_pile":3,"minecraft:granite":12,"minecraft:grass_block":18,"luminousworld:grassvariant_2":1,"minecraft:spawner":1,"minecraft:hay_block":19,"minecraft:raw_iron_block":2,"minecraft:carrots":1,"minecraft:dark_oak_trapdoor":1,"minecraft:fire":13,"minecraft:cobbled_deepslate":2,"minecraft:andesite":21,"minecraft:deepslate_lapis_ore":4,"minecraft:brown_bed":1,"minecraft:potatoes":1,"minecraft:bookshelf":4,"minecraft:deepslate_iron_ore":15,"iceandfire:gold_pile":21,"minecraft:stripped_oak_log":1,"luminousworld:decorative_brown_2":1,"minecraft:stone":94,"minecraft:player_head":1,"minecraft:scaffolding":1,"minecraft:cyan_terracotta":1,"minecraft:powder_snow":1,"minecraft:crafting_table":2,"minecraft:torch":1,"minecraft:rose_bush":1,"minecraft:tall_grass":4,"minecraft:cobblestone":5,"minecraft:sugar_cane":6,"placeablesmod:bread_full_block":10,"minecraft:wall_torch":3,"supplementaries:urn":7,"minecraft:birch_planks":3,"ecologics:seashell":1,"minecraft:birch_log":17,"minecraft:birch_leaves":2,"minecraft:grass":6,"iceandfire:silver_pile":3,"minecraft:coal_ore":27,"minecraft:oak_log":12,"luminousworld:ishstone":3,"minecraft:gravel":1,"minecraft:dirt":18,"luminousworld:grassvariant_3":1,"minecraft:cobweb":5,"minecraft:terracotta":8,"minecraft:stone_bricks":2,"minecraft:oak_leaves":17,"minecraft:deepslate":1477},"minecraft:killed_by":{"minecraft:player":3},"minecraft:killed":{"minecraft:witch":2,"undead_revamp2:theimmortal":1,"minecraft:spider":1,"undead_revamp2:bomber":1,"enemyexpansion:direwolf":2,"born_in_chaos_v1:maggot":4,"minecraft:skeleton":1,"born_in_chaos_v1:corpse_fish":2,"enemyexpansion:goblin":1,"born_in_chaos_v1:barrel_zombie":1,"minecraft:husk":1,"minecraft:pig":2,"born_in_chaos_v1:diamond_termite":1,"enemyexpansion:sprinter":2,"minecraft:creeper":1,"minecraft:sheep":5,"undead_revamp2:thesomnolence":4,"minecraft:zombie":27,"iceandfire:ghost":1,"born_in_chaos_v1:corpse_fly":3,"enemyexpansion:botfly":7,"minecraft:cow":5},"minecraft:used":{"minecraft:stone_sword":95,"minecraft:iron_sword":193,"vanillaplustools:stone_hammer":176,"born_in_chaos_v1:fried_maggot":2,"minecraft:rotten_flesh":12,"minecraft:torch":128,"minecraft:dirt":23,"minecraft:mutton":6,"artifacts:umbrella":29,"ecologics:seashell":1,"minecraft:tuff":1,"born_in_chaos_v1:corpse_maggot":2,"born_in_chaos_v1:smoked_flesh":5,"minecraft:packed_mud":2,"minecraft:mud_bricks":3,"minecraft:barrel":1,"minecraft:beef":5,"minecraft:written_book":1,"supplementaries:ash":1,"tombstone:gift":6,"minecraft:cooked_beef":11,"minecraft:cobbled_deepslate":14,"minecraft:cooked_mutton":21,"minecraft:spruce_door":1,"minecraft:birch_planks":3,"minecraft:stone_pickaxe":79,"minecraft:wooden_pickaxe":4,"minecraft:birch_boat":9,"luminousworld:ishstone":8,"naturalist:duck_egg":1,"minecraft:cookie":12,"minecraft:terracotta":2,"minecraft:dark_prismarine_slab":2,"minecraft:crafting_table":12,"minecraft:white_bed":12,"minecraft:bread":96,"minecraft:iron_pickaxe":125,"minecraft:lectern":1,"tombstone:grave_key":2,"minecraft:gravel":3,"minecraft:cobblestone":43,"minecraft:porkchop":6,"minecraft:birch_log":2,"minecraft:pumpkin_pie":7},"minecraft:picked_up":{"minecraft:crafting_table":3,"minecraft:iron_chestplate":6,"minecraft:wheat":26,"minecraft:prismarine_shard":3,"minecraft:brown_bed":1,"minecraft:wither_rose":3,"minecraft:lead":1,"artifacts:umbrella":1,"ecologics:seashell":1,"minecraft:oak_stairs":1,"minecraft:potion":2,"minecraft:enchanted_book":6,"minecraft:string":7,"minecraft:dark_oak_trapdoor":8,"minecraft:iron_leggings":5,"minecraft:item_frame":2,"minecraft:armor_stand":5,"minecraft:iron_shovel":3,"minecraft:oak_sign":1,"minecraft:gold_nugget":200,"minecraft:cobbled_deepslate":1443,"minecraft:beef":7,"minecraft:cyan_wool":2,"minecraft:written_book":1,"minecraft:rose_bush":1,"minecraft:player_head":2,"minecraft:wooden_shovel":1,"minecraft:iron_pickaxe":2,"minecraft:lectern":1,"minecraft:furnace":1,"minecraft:sugar_cane":26,"minecraft:spruce_trapdoor":3,"minecraft:iron_boots":5,"minecraft:raw_copper_block":8,"minecraft:egg":1,"minecraft:stick":6,"minecraft:raw_iron":20,"minecraft:oak_fence":1,"minecraft:torch":47,"sophisticatedbackpacks:backpack":1,"minecraft:porkchop":6,"minecraft:stone_button":14,"tombstone:grave_dust":12,"minecraft:cauldron":2,"minecraft:dark_oak_planks":7,"iceandfire:silver_ingot":1,"born_in_chaos_v1:fried_maggot":16,"minecraft:rotten_flesh":80,"minecraft:hay_block":31,"minecraft:gold_ingot":69,"supplementaries:ash":48,"minecraft:skeleton_skull":1,"minecraft:mutton":14,"undead_revamp2:arapholia":1,"minecraft:white_wool":8,"minecraft:cobblestone":86,"minecraft:stripped_oak_log":1,"minecraft:birch_log":24,"born_in_chaos_v1:corpse_maggot":10,"minecraft:mud_bricks":15,"minecraft:lilac":2,"minecraft:cooked_beef":7,"minecraft:glow_ink_sac":22,"minecraft:tripwire_hook":5,"minecraft:andesite":3,"luminousworld:ishstone":148,"minecraft:leather":66,"minecraft:potato":2,"minecraft:birch_planks":12,"minecraft:packed_mud":2,"minecraft:tuff":41,"minecraft:oak_log":15,"iceandfire:ectoplasm":1,"minecraft:cobblestone_wall":3,"minecraft:lapis_lazuli":52,"minecraft:dirt":134,"minecraft:lantern":1,"tombstone:gift":2,"minecraft:stone_bricks":1,"minecraft:wheat_seeds":46,"minecraft:raw_gold":35,"minecraft:rabbit_hide":2,"born_in_chaos_v1:smoked_flesh":5,"minecraft:stone_pickaxe":6,"minecraft:dark_oak_sign":1,"tombstone:bag_of_seeds":1,"minecraft:mossy_stone_bricks":1,"minecraft:soul_sand":5,"minecraft:iron_sword":3,"minecraft:oak_planks":34,"minecraft:dark_oak_stairs":2,"quark:light_gray_shard":8,"minecraft:book":12,"iceandfire:copper_nugget":140,"minecraft:birch_boat":15,"iceandfire:ash":3,"minecraft:raw_iron_block":11,"minecraft:gravel":3,"minecraft:white_bed":15,"minecraft:spruce_door":1,"naturalist:duck_egg":1,"minecraft:dark_prismarine_slab":4,"minecraft:spruce_fence_gate":1,"born_in_chaos_v1:fire_dust":17,"minecraft:diamond":6,"minecraft:lever":1,"minecraft:iron_helmet":7,"minecraft:granite":11,"vanillaplustools:stone_hammer":1,"minecraft:bone_meal":1,"minecraft:gray_wool":3,"minecraft:emerald":1,"minecraft:bread":70,"iceandfire:gorgon_head":1,"minecraft:terracotta":13,"minecraft:oak_sapling":5,"born_in_chaos_v1:rotten_fish":1,"iceandfire:silver_nugget":12,"minecraft:coal":26},"minecraft:broken":{"minecraft:iron_boots":1,"minecraft:iron_chestplate":2,"minecraft:iron_leggings":1,"vanillaplustools:stone_hammer":1,"minecraft:iron_sword":1},"minecraft:crafted":{"minecraft:oak_planks":64,"vanillaplustools:stone_hammer":4,"minecraft:birch_boat":3,"minecraft:cooked_mutton":20,"minecraft:stone_pickaxe":39,"sophisticatedbackpacks:iron_backpack":1,"minecraft:wheat":207,"minecraft:cooked_beef":13,"minecraft:crafting_table":10,"minecraft:wooden_pickaxe":1,"minecraft:iron_sword":1,"sophisticatedbackpacks:gold_backpack":1,"minecraft:birch_planks":56,"minecraft:bread":77,"minecraft:air":0,"minecraft:stick":132,"minecraft:iron_pickaxe":1,"minecraft:iron_ingot":39,"minecraft:stone_sword":1,"minecraft:torch":92},"minecraft:custom":{"minecraft:mob_kills":77,"minecraft:interact_with_crafting_table":22,"minecraft:open_barrel":49,"minecraft:damage_dealt_resisted":67,"minecraft:eat_cake_slice":7,"minecraft:leave_game":2,"minecraft:time_since_death":5055,"minecraft:climb_one_cm":1795,"minecraft:sprint_one_cm":1225954,"minecraft:walk_one_cm":863396,"minecraft:damage_blocked_by_shield":2325,"minecraft:drop":216,"minecraft:talked_to_villager":4,"minecraft:play_time":346233,"minecraft:sneak_time":19462,"minecraft:deaths":27,"minecraft:walk_under_water_one_cm":41562,"minecraft:boat_one_cm":296968,"minecraft:jump":8647,"minecraft:interact_with_blast_furnace":5,"minecraft:walk_on_water_one_cm":74151,"minecraft:total_world_time":346233,"minecraft:interact_with_furnace":9,"tombstone:raider_killed":2,"minecraft:sleep_in_bed":20,"minecraft:time_since_rest":4727,"minecraft:damage_taken":16243,"minecraft:damage_dealt":11270,"minecraft:player_kills":5,"minecraft:swim_one_cm":72087,"minecraft:fly_one_cm":1689771,"minecraft:open_chest":53,"minecraft:crouch_one_cm":73283,"tombstone:undead_killed":35,"minecraft:interact_with_smoker":2,"minecraft:fall_one_cm":203055,"minecraft:inspect_dispenser":1}},"DataVersion":3465}